Gallinera Table,CUBIC
Round Wooden Table,CUBIC
Concrete Road Barrier,ORIGINAL
Croissant,ORIGINAL
Metal Tool Chest,CUBIC
Wooden Stool,ORIGINAL
Wooden Crate,CUBIC
Football,SPHERICAL
Planter Box,CUBIC
Lemon,SPHERICAL
Ceramic Vase,SPHERICAL
Moon Rock,ORIGINAL
Pot Enamel,SPHERICAL
Classicconsole,SPHERICAL
Painted Wooden Bench,CUBIC
Vintage Wooden Drawer,CUBIC
Moon Rock.001,SPHERICAL
Utility Box,CUBIC
Brass Pot,CUBIC
Barrel,SPHERICAL
Painted Wooden Cabinet,CUBIC
Carved Wooden Plate,CUBIC
Cardboard Box,CUBIC
Namaqualand Boulder,SPHERICAL
Woodentable,CUBIC
Wine Barrel,SPHERICAL
Ceramic Vase.001,SPHERICAL
Wetfloorsign,ORIGINAL
Moon Rock.002,SPHERICAL
Wooden Bucket,SPHERICAL
Wooden Cutting Board,ORIGINAL
Dirty Football,SPHERICAL
Cheesebox,CUBIC
Baseball,SPHERICAL
Jug,SPHERICAL
American Football,SPHERICAL
Side Table,CUBIC
Garden Gloves,ORIGINAL
Carrot Cake,SPHERICAL
Planter Pot Clay,SPHERICAL
Greenchair,CUBIC
Moon Rock.003,SPHERICAL
Sofa,Nothing works
Rusted Wheel Rim,Nothing works
Folding Wooden Stool,CUBIC
Horse Statue,SPHERICAL
Brass Pot.001,SPHERICAL
Moon Rock.004,SPHERICAL
Utility Box.001,CUBIC
Ukulele,CUBIC
Modern Arm Chair,CUBIC
Ottoman,CUBIC
Compost Bag,SPHERICAL
Mousetrap,CUBIC
Food Pomegranate,SPHERICAL
Gaming Console,CUBIC
Food Apple,SPHERICAL
Barrel.001,SPHERICAL
Drain Cleaner,Nothing works
Fire Hydrant,Nothing works
Watering Can Metal,Nothing works
Wicker Basket,SPHERICAL
Wooden Stool.001,SPHERICAL
Namaqualand Boulder.001,SPHERICAL
Can Rusted,SPHERICAL
Painted Wooden Sofa,CUBIC
Painted Wooden Shelves,CUBIC
Antique Ceramic Vase,SPHERICAL
Wooden Crate.001,CUBIC
Moon Rock.005,SPHERICAL
Carved Wooden Elephant,Nothing works
Planter Box.001,CUBIC
Lion Head,SPHERICAL
Boulder,SPHERICAL
Barrel.002,SPHERICAL
Garden Gnome,SPHERICAL
Wooden Picnic Table,CUBIC
Bull Head,SPHERICAL
Modern Coffee Table,CUBIC
Yellow Onion,SPHERICAL
Treasure Chest,CUBIC
Concrete Road Barrier.001,CUBIC
Concrete Cat Statue,SPHERICAL
Horse Head,SPHERICAL
Brass Vase,SPHERICAL
Schoolchair,ORIGINAL
Wooden Spoon,CUBIC
Gallinera Chair,ORIGINAL
Throw Pillows,ORIGINAL
Sofa.001,SPHERICAL
Barrel Stove,SPHERICAL
Marble Bust,Nothing works
Moon Rock.006,SPHERICAL
Armchair,SPHERICAL
Brass Pan,ORIGINAL
Food Lime,SPHERICAL
Painted Wooden Chair,CUBIC
Painted Wooden Cabinet.001,CUBIC
Mid Century Lounge Chair,ORIGINAL
Fancy Picture Frame,CUBIC
Painted Wooden Table,ORIGINAL
Namaqualand Boulder.002,SPHERICAL
Metal Jug,SPHERICAL
Wicker Basket,CUBIC
Wooden Axe,CUBIC
Vintage Video Camera,CUBIC
Chinese Armchair,CUBIC
Dead Tree Trunk,SPHERICAL
Ceiling Fan,CUBIC
Modern Wooden Cabinet,CUBIC
Chinese Chandelier,SPHERICAL
Plastic Monobloc Chair,CUBIC
Sofa,Nothing works
Gothic Coffee Table,CUBIC
Wooden Bowl,SPHERICAL
Vintage Lighter,CUBIC
Kapitel Romanski,SPHERICAL
Leather Purse,SPHERICAL
Popiersie,SPHERICAL
Owl,SPHERICAL
Cat Head,SPHERICAL
Plastic Thermos,SPHERICAL
Metal Office Desk,CUBIC
Propane Tank,SPHERICAL
Metal Jerrycan,CUBIC
Vintage Stapler,CUBIC
Modified Thermos,SPHERICAL